{
  "start": 1650163049.89344,
  "faults": [
    {
      "name": "socialnetwork-post-storage-service-1",
      "fault": "cpu_load",
      "start": 1650163052.42589,
      "duration": 120
    },
    {
      "name": "socialnetwork-post-storage-service-1",
      "fault": "network_delay",
      "start": 1650163205.491651,
      "duration": 120
    },
    {
      "name": "socialnetwork-post-storage-service-1",
      "fault": "network_loss",
      "start": 1650163368.39697,
      "duration": 120
    },
    {
      "name": "socialnetwork-social-graph-service-1",
      "fault": "cpu_load",
      "start": 1650163522.43612,
      "duration": 120
    },
    {
      "name": "socialnetwork-social-graph-service-1",
      "fault": "network_delay",
      "start": 1650163675.643966,
      "duration": 120
    },
    {
      "name": "socialnetwork-social-graph-service-1",
      "fault": "network_loss",
      "start": 1650163838.593423,
      "duration": 120
    },
    {
      "name": "socialnetwork-url-shorten-service-1",
      "fault": "cpu_load",
      "start": 1650163992.665189,
      "duration": 120
    },
    {
      "name": "socialnetwork-url-shorten-service-1",
      "fault": "network_delay",
      "start": 1650164145.71798,
      "duration": 120
    },
    {
      "name": "socialnetwork-url-shorten-service-1",
      "fault": "network_loss",
      "start": 1650164308.636401,
      "duration": 120
    }
  ],
  "end": 1650164460.159563
}