{
  "start": 1650166018.384214,
  "faults": [
    {
      "name": "socialnetwork-compose-post-service-1",
      "fault": "cpu_load",
      "start": 1650166021.842828,
      "duration": 120
    },
    {
      "name": "socialnetwork-compose-post-service-1",
      "fault": "network_delay",
      "start": 1650166174.957304,
      "duration": 120
    },
    {
      "name": "socialnetwork-compose-post-service-1",
      "fault": "network_loss",
      "start": 1650166337.885631,
      "duration": 120
    },
    {
      "name": "socialnetwork-user-timeline-service-1",
      "fault": "cpu_load",
      "start": 1650166492.846008,
      "duration": 120
    },
    {
      "name": "socialnetwork-user-timeline-service-1",
      "fault": "network_delay",
      "start": 1650166645.939456,
      "duration": 120
    },
    {
      "name": "socialnetwork-user-timeline-service-1",
      "fault": "network_loss",
      "start": 1650166808.879189,
      "duration": 120
    },
    {
      "name": "socialnetwork-user-mention-service-1",
      "fault": "cpu_load",
      "start": 1650166963.929301,
      "duration": 120
    },
    {
      "name": "socialnetwork-user-mention-service-1",
      "fault": "network_delay",
      "start": 1650167116.974618,
      "duration": 120
    },
    {
      "name": "socialnetwork-user-mention-service-1",
      "fault": "network_loss",
      "start": 1650167279.904504,
      "duration": 120
    }
  ],
  "end": 1650167431.382238
}