{
  "start": 1650161565.787468,
  "faults": [
    {
      "name": "socialnetwork-text-service-1",
      "fault": "cpu_load",
      "start": 1650161568.334613,
      "duration": 120
    },
    {
      "name": "socialnetwork-text-service-1",
      "fault": "network_delay",
      "start": 1650161721.479809,
      "duration": 120
    },
    {
      "name": "socialnetwork-text-service-1",
      "fault": "network_loss",
      "start": 1650161884.413672,
      "duration": 120
    },
    {
      "name": "socialnetwork-home-timeline-service-1",
      "fault": "cpu_load",
      "start": 1650162038.515397,
      "duration": 120
    },
    {
      "name": "socialnetwork-home-timeline-service-1",
      "fault": "network_delay",
      "start": 1650162191.561502,
      "duration": 120
    },
    {
      "name": "socialnetwork-home-timeline-service-1",
      "fault": "network_loss",
      "start": 1650162354.523656,
      "duration": 120
    },
    {
      "name": "socialnetwork-media-service-1",
      "fault": "cpu_load",
      "start": 1650162508.596611,
      "duration": 120
    },
    {
      "name": "socialnetwork-media-service-1",
      "fault": "network_delay",
      "start": 1650162661.628528,
      "duration": 120
    },
    {
      "name": "socialnetwork-media-service-1",
      "fault": "network_loss",
      "start": 1650162824.513932,
      "duration": 120
    }
  ],
  "end": 1650162976.077176
}