{
  "start": 1650164533.807505,
  "faults": [
    {
      "name": "socialnetwork-nginx-thrift-1",
      "fault": "cpu_load",
      "start": 1650164537.266328,
      "duration": 120
    },
    {
      "name": "socialnetwork-nginx-thrift-1",
      "fault": "network_delay",
      "start": 1650164690.293385,
      "duration": 120
    },
    {
      "name": "socialnetwork-nginx-thrift-1",
      "fault": "network_loss",
      "start": 1650164853.258483,
      "duration": 120
    },
    {
      "name": "socialnetwork-unique-id-service-1",
      "fault": "cpu_load",
      "start": 1650165007.362766,
      "duration": 120
    },
    {
      "name": "socialnetwork-unique-id-service-1",
      "fault": "network_delay",
      "start": 1650165160.40338,
      "duration": 120
    },
    {
      "name": "socialnetwork-unique-id-service-1",
      "fault": "network_loss",
      "start": 1650165323.309462,
      "duration": 120
    },
    {
      "name": "socialnetwork-user-service-1",
      "fault": "cpu_load",
      "start": 1650165477.325246,
      "duration": 120
    },
    {
      "name": "socialnetwork-user-service-1",
      "fault": "network_delay",
      "start": 1650165630.416768,
      "duration": 120
    },
    {
      "name": "socialnetwork-user-service-1",
      "fault": "network_loss",
      "start": 1650165793.36087,
      "duration": 120
    }
  ],
  "end": 1650165944.874139
}